iter	Quantile:alpha=0.9
0	18.63851469
1	18.17946209
2	17.73238104
3	17.22520798
4	16.88870395
5	16.60820866
6	16.26866998
7	15.8841411
8	15.51858044
9	15.30456455
10	14.96275347
11	14.68614556
12	14.29832836
13	14.11139406
14	13.84396849
15	13.51619172
16	13.34094591
17	13.10796417
18	13.00099607
19	12.72967308
20	12.46100697
21	12.26225552
22	11.98365198
23	11.70577092
24	11.55895529
25	11.43853408
26	11.26605096
27	11.02273182
28	10.92774834
29	10.76996945
30	10.53832816
31	10.2893934
32	10.14166736
33	9.879335363
34	9.639359162
35	9.513005714
36	9.282957061
37	9.165837357
38	9.03627506
39	8.785844181
40	8.579027059
41	8.43743984
42	8.330076106
43	8.183347441
44	7.913938718
45	7.856312255
46	7.720375676
47	7.618006371
48	7.516292898
49	7.441908535
50	7.415825191
51	7.312385376
52	7.213976993
53	7.146945126
54	6.99661111
55	6.958205114
56	6.910578833
57	6.834272569
58	6.789133351
59	6.754937367
60	6.730772926
61	6.637382879
62	6.524618902
63	6.426646589
64	6.293020823
65	6.168565657
66	6.109113493
67	6.010331937
68	5.958282282
69	5.920537567
70	5.826967146
71	5.81022751
72	5.762148306
73	5.694816058
74	5.655878461
75	5.562315518
76	5.521249502
77	5.464650781
78	5.390990928
79	5.375675249
80	5.342282173
81	5.234257309
82	5.174149071
83	5.126329297
84	5.037003809
85	5.002567771
86	4.98971656
87	4.913691837
88	4.902113275
89	4.889056718
90	4.827181872
91	4.809064994
92	4.788924766
93	4.746915778
94	4.736534321
95	4.71164157
96	4.67936704
97	4.67308571
98	4.658427959
99	4.593148559
100	4.509655417
101	4.503764678
102	4.47909481
103	4.413140072
104	4.375749324
105	4.304856863
106	4.300487872
107	4.286997143
108	4.246985044
109	4.174457289
110	4.055869987
111	3.945821089
112	3.841407059
113	3.795037364
114	3.713220433
115	3.631997256
116	3.538555338
117	3.519920942
118	3.441905159
119	3.422933794
120	3.409779253
121	3.406312823
122	3.346303902
123	3.271359771
124	3.160571968
125	3.111732997
126	3.046148878
127	2.986398282
128	2.934609605
129	2.859499627
130	2.816198103
131	2.813184263
132	2.769475266
133	2.717665939
134	2.690465498
135	2.679972633
136	2.665625688
137	2.628804758
138	2.576852626
139	2.513724083
140	2.4803075
141	2.428831796
142	2.389664658
143	2.355305223
144	2.325001072
145	2.297281193
146	2.271519718
147	2.242385232
148	2.218655581
149	2.185425572
150	2.153692825
151	2.150871396
152	2.143040376
153	2.135179267
154	2.11314933
155	2.092220889
156	2.072339808
157	2.053450108
158	2.035505739
159	2.018457785
160	2.002262992
161	2.000088703
162	1.99667842
163	1.98132531
164	1.976583371
165	1.952756317
166	1.931921844
167	1.91622022
168	1.89920647
169	1.883043172
170	1.867687486
171	1.854742428
172	1.840087628
173	1.834002877
174	1.821097202
175	1.808280915
176	1.798652544
177	1.786958237
178	1.778269042
179	1.767593985
180	1.757452681
181	1.747818233
182	1.738027692
183	1.731018775
184	1.722333671
185	1.713429682
186	1.706807735
187	1.698980483
188	1.69333205
189	1.688352011
190	1.681244466
191	1.674492298
192	1.671602965
193	1.664541985
194	1.658392248
195	1.63956983
196	1.637051953
197	1.631311287
198	1.62539419
199	1.620037031
200	1.614947483
201	1.609412717
202	1.604579718
203	1.599988368
204	1.597792823
205	1.589550282
206	1.580273682
207	1.576033723
208	1.571930646
209	1.56804967
210	1.564189271
211	1.562456312
212	1.558800111
213	1.552317241
214	1.546872997
215	1.543978956
216	1.538865737
217	1.535710643
218	1.532713303
219	1.529721798
220	1.526436384
221	1.523726788
222	1.515181464
223	1.510391003
224	1.507892797
225	1.499775907
226	1.495226494
227	1.492925176
228	1.491290709
229	1.483581137
230	1.481475673
231	1.476497976
232	1.475031708
233	1.459651315
234	1.457770843
235	1.456439945
236	1.4419125
237	1.435158553
238	1.433439029
239	1.429680583
240	1.423264874
241	1.421689127
242	1.420192171
243	1.418930907
244	1.414823537
245	1.408626549
246	1.404871645
247	1.39697295
248	1.393492726
249	1.390912977
250	1.389745129
251	1.388555796
252	1.376018278
253	1.36378617
254	1.362703897
255	1.362123688
256	1.361095647
257	1.360119007
258	1.359190431
259	1.354171227
260	1.353328725
261	1.352738311
262	1.351924507
263	1.340912138
264	1.330450387
265	1.320511749
266	1.319603075
267	1.318869009
268	1.31652798
269	1.315856938
270	1.314994065
271	1.314361951
272	1.313761442
273	1.311585858
274	1.310726126
275	1.305797729
276	1.305035106
277	1.301600798
278	1.300876345
279	1.291717804
280	1.291188797
281	1.290432853
282	1.290115965
283	1.289613468
284	1.288251682
285	1.282225663
286	1.281782997
287	1.276561014
288	1.276140504
289	1.275741019
290	1.275103377
291	1.274497616
292	1.274124673
293	1.273770376
294	1.273433795
295	1.273106241
296	1.272790963
297	1.271055177
298	1.270766656
299	1.270492561
300	1.27023217
301	1.269936806
302	1.269692894
303	1.269461178
304	1.269241047
305	1.266316135
306	1.266114658
307	1.265563056
308	1.26537437
309	1.265195118
310	1.263611843
311	1.260912072
312	1.259416406
313	1.258892459
314	1.258650302
315	1.256145461
316	1.255915417
317	1.255774937
318	1.255641481
319	1.253275955
320	1.251028705
321	1.250910462
322	1.250798131
323	1.250691416
324	1.250590038
325	1.250111365
326	1.250017258
327	1.249927857
328	1.248532007
329	1.248083012
330	1.247656466
331	1.247576905
332	1.247171698
333	1.246786752
334	1.24633265
335	1.245034716
336	1.244611296
337	1.244260314
338	1.239487734
339	1.234953782
340	1.233757006
341	1.233438319
342	1.233135566
343	1.23284795
344	1.231711005
345	1.231437771
346	1.22722573
347	1.219810616
348	1.218736821
349	1.21848826
350	1.218128093
351	1.214179115
352	1.213183923
353	1.209468065
354	1.209243706
355	1.205715577
356	1.202830353
357	1.202514984
358	1.202308847
359	1.201397619
360	1.199427919
361	1.198554005
362	1.197731622
363	1.191007873
364	1.19096419
365	1.190681275
366	1.190497954
367	1.190323799
368	1.190287111
369	1.182663492
370	1.182630381
371	1.182468732
372	1.182315166
373	1.182169278
374	1.182030685
375	1.178942897
376	1.178917034
377	1.172579008
378	1.169648953
379	1.16952073
380	1.168814861
381	1.168693766
382	1.168578726
383	1.16581992
384	1.165801162
385	1.165783342
386	1.165550472
387	1.165329246
388	1.165313602
389	1.165207578
390	1.164998341
391	1.164799565
392	1.163155921
393	1.162967472
394	1.160805491
395	1.158751608
396	1.158127526
397	1.158030769
398	1.157855886
399	1.157764267
400	1.157753687
401	1.157666921
402	1.157501594
403	1.156941546
404	1.151260435
405	1.151178704
406	1.151169939
407	1.144130211
408	1.142308316
409	1.142300585
410	1.142223683
411	1.1369439
412	1.136870997
413	1.136725
414	1.136655881
415	1.136590218
416	1.136527838
417	1.136468578
418	1.136462366
419	1.129786218
420	1.128586868
421	1.127447487
422	1.125985872
423	1.12593315
424	1.125883064
425	1.125877899
426	1.125872991
427	1.125868329
428	1.125863901
429	1.123645739
430	1.123641741
431	1.117303227
432	1.117299619
433	1.117296192
434	1.117292935
435	1.117245962
436	1.117201338
437	1.117158945
438	1.117118672
439	1.111097642
440	1.11105942
441	1.110943104
442	1.110906825
443	1.110490679
444	1.109488216
445	1.109092905
446	1.107096199
447	1.10706327
448	1.107031986
449	1.102401352
450	1.102371655
451	1.096700837
452	1.096672644
453	1.094813315
454	1.094457265
455	1.094430517
456	1.093540773
457	1.093516633
458	1.089200373
459	1.089198339
460	1.089095741
461	1.088998272
462	1.088996371
463	1.083640602
464	1.083617743
465	1.083616038
466	1.079531912
467	1.079510214
468	1.074422327
469	1.074401723
470	1.074201897
471	1.074200392
472	1.074180833
473	1.074179411
474	1.069360879
475	1.069359595
476	1.069341033
477	1.067690098
478	1.067672469
479	1.063095486
480	1.063094395
481	1.063077657
482	1.063061756
483	1.058713678
484	1.058642587
485	1.058641615
486	1.05862652
487	1.058612179
488	1.054486196
489	1.054472576
490	1.054243858
491	1.05043103
492	1.050286523
493	1.050149242
494	1.05013631
495	1.046249038
496	1.046188818
497	1.04555572
498	1.045544054
499	1.045543285
